{"auc_per_run": 0.8258692622184753, "_timestamp": 1681201189.0940006, "_runtime": 751.7240905761719, "_step": 2, "_wandb": {"runtime": 1156}}