{"auc_per_run": 0.8364817500114441, "_timestamp": 1681209201.0164268, "_runtime": 509.6518487930298, "_step": 1, "_wandb": {"runtime": 757}}