{"AUC": 0.8271546569341834, "train_loss": 0.5498645749525167, "_timestamp": 1681031233.970524, "_runtime": 319.563364982605, "_step": 0, "_wandb": {"runtime": 318}}