{"auc_per_run": 0.8120681047439575, "_timestamp": 1681213868.1641402, "_runtime": 1281.624230146408, "_step": 4, "_wandb": {"runtime": 1286}}