{"auc_per_run": 0.8503873944282532, "_timestamp": 1681186847.3939552, "_runtime": 1501.4376602172852, "_step": 4, "_wandb": {"runtime": 1503}}