{"auc_per_run": 0.8416824340820312, "_timestamp": 1681211018.1485975, "_runtime": 1422.1737015247345, "_step": 4, "_wandb": {"runtime": 1425}}