{"AUC": 0.8449352505799553, "train_loss": 0.13895810103855807, "_timestamp": 1681034424.5202384, "_runtime": 2968.542100429535, "_step": 9, "_wandb": {"runtime": 2967}}