{"auc_per_run": 0.8278834223747253, "_timestamp": 1681212382.290613, "_runtime": 1222.842474937439, "_step": 4, "_wandb": {"runtime": 1227}}