{"auc_per_run": 0.8256021738052368, "_timestamp": 1681189577.2426844, "_runtime": 851.1297054290771, "_step": 3, "_wandb": {"runtime": 11673}}