{"auc_per_run": 0.8047065734863281, "_timestamp": 1681234877.8220603, "_runtime": 5909.526129245758, "_step": 14, "_wandb": {"runtime": 5914}}