{"auc_per_run": 0.8502848744392395, "_timestamp": 1681147018.0662415, "_runtime": 1082.0776724815369, "_step": 2, "_wandb": {"runtime": 1179}}