{"auc_per_run": 0.8416475653648376, "_timestamp": 1681187848.4002552, "_runtime": 877.9752492904663, "_step": 2, "_wandb": {"runtime": 2045}}