{"auc_per_run": 0.809931218624115, "_timestamp": 1681219920.984382, "_runtime": 5202.383708953857, "_step": 14, "_wandb": {"runtime": 5205}}