{"AUC": 0.8271546569341834, "train_loss": 0.5498645749525167, "_timestamp": 1681035100.8616948, "_runtime": 257.20029973983765, "_step": 1, "BEST AUC": 0.8271546569341834, "_wandb": {"runtime": 277}}