{"auc_per_run": 0.8078776001930237, "_timestamp": 1681213808.8210208, "_runtime": 1371.241730928421, "_step": 4, "_wandb": {"runtime": 1374}}