{"auc_per_run": 0.8479293584823608, "_timestamp": 1681129850.3425364, "_runtime": 2687.3326494693756, "_step": 3, "_wandb": {"runtime": 11698}}