{"auc_per_run": 0.852609395980835, "_timestamp": 1681149466.8497038, "_runtime": 2029.5797588825226, "_step": 4, "_wandb": {"runtime": 2031}}