{"auc_per_run": 0.8004165887832642, "_timestamp": 1681214334.3272583, "_runtime": 369.05884742736816, "_step": 0, "_wandb": {"runtime": 720}}