{"AUC": 0.8491238285193423, "train_loss": 0.18616331664053112, "_timestamp": 1681036920.5480444, "_runtime": 1436.6710894107819, "_step": 9, "BEST AUC": 0.8491238285193423, "_wandb": {"runtime": 1460}}