{"auc_per_run": 0.8491238285193423, "_timestamp": 1681041281.9251072, "_runtime": 1459.881575345993, "_step": 4, "_wandb": {"runtime": 1483}}